id,user_id,lat,lng,site_id,campaign_id,status,surveyed_at,magnetic_north,Car Up,Car Down,Person Up,Person Down,Motorcycle Up,Motorcycle Down,Truck Up,Truck Down,Bicycle Up,Bicycle Down,Video
52,12,12.976346,77.620482,23,1,ready,"01:12 PM, 09-08-2019"," -112.02224676608095, -38.57498231888607,-1.6226834727262487",54,23,12,9,0,1,0,1,0,0,https://trafficanalyser.sgp1.digitaloceanspaces.com/surveys/assets/000/000/052/original/video_20190809_1307262052766536.mp4?X-Amz-Algorithm=AWS4-HMAC-SHA256&X-Amz-Credential=Z2EHCX2HHJQQ55MENVPB%2F20190904%2Fsgp1%2Fs3%2Faws4_request&X-Amz-Date=20190904T171303Z&X-Amz-Expires=10800&X-Amz-SignedHeaders=host&X-Amz-Signature=119aec1aee4e9f00e885cf43741b4b9d4f1a529b018900f960ca81d9d9112802
53,7,19.1064108,72.8536633,25,3,ready,"05:06 PM, 09-08-2019"," -2.517949664412024, -46.39166254091294,4.890402639124436",58,31,0,0,0,0,0,3,0,0,https://trafficanalyser.sgp1.digitaloceanspaces.com/surveys/assets/000/000/053/original/video_20190809_1637219121251886209362200.mp4?X-Amz-Algorithm=AWS4-HMAC-SHA256&X-Amz-Credential=Z2EHCX2HHJQQ55MENVPB%2F20190904%2Fsgp1%2Fs3%2Faws4_request&X-Amz-Date=20190904T171303Z&X-Amz-Expires=10800&X-Amz-SignedHeaders=host&X-Amz-Signature=9f68e915f609dfb1d2d0a02e91016f0121a160c1aca2448a09165c52616dd45b
54,7,19.106435,72.8536033,25,3,ready,"04:59 PM, 12-08-2019"," -68.4538838997278, -17.967954960857227,-36.18061169401391",46,45,0,0,0,0,0,3,0,0,https://trafficanalyser.sgp1.digitaloceanspaces.com/surveys/assets/000/000/054/original/video_20190809_1706084165465856865280104.mp4?X-Amz-Algorithm=AWS4-HMAC-SHA256&X-Amz-Credential=Z2EHCX2HHJQQ55MENVPB%2F20190904%2Fsgp1%2Fs3%2Faws4_request&X-Amz-Date=20190904T171303Z&X-Amz-Expires=10800&X-Amz-SignedHeaders=host&X-Amz-Signature=d9c553baed643712e453e3a4f363f1f74ef6163a5ba43ced1221f508a76de24b
56,8,19.0651951,72.8969553,26,3,ready,"06:38 AM, 13-08-2019",,1,1,0,0,0,0,0,0,0,0,https://trafficanalyser.sgp1.digitaloceanspaces.com/surveys/assets/000/000/056/original/video_20190813_0635541625859634.mp4?X-Amz-Algorithm=AWS4-HMAC-SHA256&X-Amz-Credential=Z2EHCX2HHJQQ55MENVPB%2F20190904%2Fsgp1%2Fs3%2Faws4_request&X-Amz-Date=20190904T171303Z&X-Amz-Expires=10800&X-Amz-SignedHeaders=host&X-Amz-Signature=7ac77c97fbd1cf4d056e6b1b0a4c3d91f6dd0ca57b0bcaa3e7ce83aa99709a9d
57,8,19.0647205,72.8969187,26,3,ready,"06:43 AM, 13-08-2019",,0,0,0,0,0,0,0,0,0,0,https://trafficanalyser.sgp1.digitaloceanspaces.com/surveys/assets/000/000/057/original/video_20190813_064215-1384967966.mp4?X-Amz-Algorithm=AWS4-HMAC-SHA256&X-Amz-Credential=Z2EHCX2HHJQQ55MENVPB%2F20190904%2Fsgp1%2Fs3%2Faws4_request&X-Amz-Date=20190904T171303Z&X-Amz-Expires=10800&X-Amz-SignedHeaders=host&X-Amz-Signature=78e6c3383a684322085638eaab11574777769632f6e1be3a35d4efed42018ed7
58,8,19.065115,72.897867,26,3,ready,"10:29 AM, 13-08-2019",,2,0,0,0,0,0,0,0,0,0,https://trafficanalyser.sgp1.digitaloceanspaces.com/surveys/assets/000/000/058/original/video_20190813_1027471625859634.mp4?X-Amz-Algorithm=AWS4-HMAC-SHA256&X-Amz-Credential=Z2EHCX2HHJQQ55MENVPB%2F20190904%2Fsgp1%2Fs3%2Faws4_request&X-Amz-Date=20190904T171303Z&X-Amz-Expires=10800&X-Amz-SignedHeaders=host&X-Amz-Signature=3ce1699154eee911a4bc0596178aa63e9d43af1dd30e1c2782c1f35a145ec974
59,8,19.0644772,72.8975216,26,3,ready,"10:31 AM, 13-08-2019",,9,12,0,0,0,1,0,4,0,0,https://trafficanalyser.sgp1.digitaloceanspaces.com/surveys/assets/000/000/059/original/video_20190813_103002-1384967966.mp4?X-Amz-Algorithm=AWS4-HMAC-SHA256&X-Amz-Credential=Z2EHCX2HHJQQ55MENVPB%2F20190904%2Fsgp1%2Fs3%2Faws4_request&X-Amz-Date=20190904T171303Z&X-Amz-Expires=10800&X-Amz-SignedHeaders=host&X-Amz-Signature=8701d12bcc266c9745fd001e3c882e4674242dd46ec3919b2f422e7cb55b7351
60,6,18.9798407,72.8124987,6,2,ready,"11:00 AM, 13-08-2019"," -142.12853217458158, -34.36747309203692,-5.087310162706734",7,8,0,0,0,1,0,0,0,1,https://trafficanalyser.sgp1.digitaloceanspaces.com/surveys/assets/000/000/060/original/video_20190813_1056592337092353280260387.mp4?X-Amz-Algorithm=AWS4-HMAC-SHA256&X-Amz-Credential=Z2EHCX2HHJQQ55MENVPB%2F20190904%2Fsgp1%2Fs3%2Faws4_request&X-Amz-Date=20190904T171303Z&X-Amz-Expires=10800&X-Amz-SignedHeaders=host&X-Amz-Signature=9725b198cec2ba4701e16139a63736395f6f33eb575c1b97cd20fd1ec8477f9e
61,7,19.1059891,72.853948,25,3,ready,"11:38 AM, 13-08-2019"," -31.227577073974107, -33.06851454587306,0.5075212083417643",10,9,0,2,0,0,0,0,0,0,https://trafficanalyser.sgp1.digitaloceanspaces.com/surveys/assets/000/000/061/original/video_20190813_0644443885849166882637817.mp4?X-Amz-Algorithm=AWS4-HMAC-SHA256&X-Amz-Credential=Z2EHCX2HHJQQ55MENVPB%2F20190904%2Fsgp1%2Fs3%2Faws4_request&X-Amz-Date=20190904T171303Z&X-Amz-Expires=10800&X-Amz-SignedHeaders=host&X-Amz-Signature=af5190129e14c7ed4e07e800b8900cf151c230938c25977f62c1da46263787e7
62,7,19.1059891,72.853948,25,3,ready,"01:30 PM, 13-08-2019"," -54.36545418932302, -9.509979739921404,-56.992532774312096",66,52,1,1,0,0,2,9,0,0,https://trafficanalyser.sgp1.digitaloceanspaces.com/surveys/assets/000/000/062/original/video_20190813_1137268766231963289157062.mp4?X-Amz-Algorithm=AWS4-HMAC-SHA256&X-Amz-Credential=Z2EHCX2HHJQQ55MENVPB%2F20190904%2Fsgp1%2Fs3%2Faws4_request&X-Amz-Date=20190904T171303Z&X-Amz-Expires=10800&X-Amz-SignedHeaders=host&X-Amz-Signature=a5ea0b92cb88898b366e891d85d40c6c261da9fed2aac5ef9036d6e49bee8163
63,8,19.0636473,72.8974525,26,3,ready,"03:09 PM, 13-08-2019",,3,0,0,0,0,0,0,0,0,0,https://trafficanalyser.sgp1.digitaloceanspaces.com/surveys/assets/000/000/063/original/video_20190813_1506491625859634.mp4?X-Amz-Algorithm=AWS4-HMAC-SHA256&X-Amz-Credential=Z2EHCX2HHJQQ55MENVPB%2F20190904%2Fsgp1%2Fs3%2Faws4_request&X-Amz-Date=20190904T171303Z&X-Amz-Expires=10800&X-Amz-SignedHeaders=host&X-Amz-Signature=9d36825b164292910a88f5b6761b10439c9c4c46a811ca7e4486a3eab2f0ee19
64,8,19.0636074,72.8973892,26,3,ready,"03:14 PM, 13-08-2019",,10,8,0,2,0,0,0,0,0,0,https://trafficanalyser.sgp1.digitaloceanspaces.com/surveys/assets/000/000/064/original/video_20190813_151249-1384967966.mp4?X-Amz-Algorithm=AWS4-HMAC-SHA256&X-Amz-Credential=Z2EHCX2HHJQQ55MENVPB%2F20190904%2Fsgp1%2Fs3%2Faws4_request&X-Amz-Date=20190904T171303Z&X-Amz-Expires=10800&X-Amz-SignedHeaders=host&X-Amz-Signature=fc5c8b32d4f3f8e6f89369f38590ae900983c070a5a8a57f5364e2f2b67ce1d7
65,7,19.1065786,72.8535085,25,3,ready,"04:09 PM, 13-08-2019"," -22.121061730967234, -31.735616789723412,3.034682930314284",47,45,0,0,0,0,1,28,0,0,https://trafficanalyser.sgp1.digitaloceanspaces.com/surveys/assets/000/000/065/original/video_20190813_1605305889709702649355714.mp4?X-Amz-Algorithm=AWS4-HMAC-SHA256&X-Amz-Credential=Z2EHCX2HHJQQ55MENVPB%2F20190904%2Fsgp1%2Fs3%2Faws4_request&X-Amz-Date=20190904T171303Z&X-Amz-Expires=10800&X-Amz-SignedHeaders=host&X-Amz-Signature=91770262a439bb8fb70422e85534322313fce1fe42c4d65c61c98e73df61d6e5
66,12,12.9762743,77.6204093,23,1,ready,"05:50 PM, 13-08-2019"," 158.73768076422, -45.18193358606613,-5.190548045124653",0,0,0,0,0,0,0,0,0,0,https://trafficanalyser.sgp1.digitaloceanspaces.com/surveys/assets/000/000/066/original/video_20190813_1740171702941861.mp4?X-Amz-Algorithm=AWS4-HMAC-SHA256&X-Amz-Credential=Z2EHCX2HHJQQ55MENVPB%2F20190904%2Fsgp1%2Fs3%2Faws4_request&X-Amz-Date=20190904T171303Z&X-Amz-Expires=10800&X-Amz-SignedHeaders=host&X-Amz-Signature=15d9b398375e35f59587146be35d3950a3c30bfd282de3806ec574f2ba4236da
71,7,19.1065394,72.8535032,25,3,ready,"08:30 PM, 13-08-2019"," -6.883785664429841, -32.46773110647874,4.3573738225229945",7,21,0,0,0,0,0,0,0,0,https://trafficanalyser.sgp1.digitaloceanspaces.com/surveys/assets/000/000/071/original/video_20190813_2028342885060878426970728.mp4?X-Amz-Algorithm=AWS4-HMAC-SHA256&X-Amz-Credential=Z2EHCX2HHJQQ55MENVPB%2F20190904%2Fsgp1%2Fs3%2Faws4_request&X-Amz-Date=20190904T171303Z&X-Amz-Expires=10800&X-Amz-SignedHeaders=host&X-Amz-Signature=20b24045470b5d2a94baecd5740cd4a532e6b7081ddd38c172af1a16f86fd0f9
72,7,18.9268355,72.8264402,27,3,ready,"11:26 AM, 14-08-2019"," -131.40782627219454, -50.1132926007749,0.6830628329832041",65,50,4,11,0,3,0,0,0,0,https://trafficanalyser.sgp1.digitaloceanspaces.com/surveys/assets/000/000/072/original/video_20190814_1046198839805539859355199.mp4?X-Amz-Algorithm=AWS4-HMAC-SHA256&X-Amz-Credential=Z2EHCX2HHJQQ55MENVPB%2F20190904%2Fsgp1%2Fs3%2Faws4_request&X-Amz-Date=20190904T171303Z&X-Amz-Expires=10800&X-Amz-SignedHeaders=host&X-Amz-Signature=2651dcde245d97f53fb476448c77c37b178b484af1d56186be4794761bd994ae
73,7,19.0683365,72.8335112,27,3,ready,"11:28 AM, 14-08-2019"," 101.3757508690261, -51.71338735725545,-5.893051784280682",109,82,10,19,1,1,0,3,1,1,https://trafficanalyser.sgp1.digitaloceanspaces.com/surveys/assets/000/000/073/original/video_20190814_1124525774405735657300693.mp4?X-Amz-Algorithm=AWS4-HMAC-SHA256&X-Amz-Credential=Z2EHCX2HHJQQ55MENVPB%2F20190904%2Fsgp1%2Fs3%2Faws4_request&X-Amz-Date=20190904T171303Z&X-Amz-Expires=10800&X-Amz-SignedHeaders=host&X-Amz-Signature=d5146b7ff991934d72d842311f2c457b2ca891641cfe88cc89737b76e01458a4
74,6,18.9791946,72.8121493,26,3,ready,"12:36 PM, 14-08-2019"," -142.38245128716596, -29.586453371149293,-9.422780422335144",14,9,0,0,0,0,0,0,0,0,https://trafficanalyser.sgp1.digitaloceanspaces.com/surveys/assets/000/000/074/original/video_20190814_1221346738875621774154870.mp4?X-Amz-Algorithm=AWS4-HMAC-SHA256&X-Amz-Credential=Z2EHCX2HHJQQ55MENVPB%2F20190904%2Fsgp1%2Fs3%2Faws4_request&X-Amz-Date=20190904T171303Z&X-Amz-Expires=10800&X-Amz-SignedHeaders=host&X-Amz-Signature=af9e05f320ce7ffda62783c6cf599f6af85671d69a99576a918a078a9e8f46cf
75,6,18.9797717,72.8126749,26,3,ready,"05:05 PM, 14-08-2019"," -130.49262190454786, -38.000184334189065,-3.5304831605143363",14,14,1,3,0,0,0,0,0,0,https://trafficanalyser.sgp1.digitaloceanspaces.com/surveys/assets/000/000/075/original/video_20190814_122311833525085285556316.mp4?X-Amz-Algorithm=AWS4-HMAC-SHA256&X-Amz-Credential=Z2EHCX2HHJQQ55MENVPB%2F20190904%2Fsgp1%2Fs3%2Faws4_request&X-Amz-Date=20190904T171303Z&X-Amz-Expires=10800&X-Amz-SignedHeaders=host&X-Amz-Signature=dc41284a949b4811f7932e72adb92295e4cbbe669a012adffffe202b56442e53
78,7,19.0678117,72.83737,27,3,ready,"07:31 AM, 15-08-2019"," 133.0406922763128, -36.12939210542799,1.1678852950006062",26,14,12,4,0,0,0,2,0,0,https://trafficanalyser.sgp1.digitaloceanspaces.com/surveys/assets/000/000/078/original/video_20190814_1630471670523376804829232.mp4?X-Amz-Algorithm=AWS4-HMAC-SHA256&X-Amz-Credential=Z2EHCX2HHJQQ55MENVPB%2F20190904%2Fsgp1%2Fs3%2Faws4_request&X-Amz-Date=20190904T171303Z&X-Amz-Expires=10800&X-Amz-SignedHeaders=host&X-Amz-Signature=4b63ed462070046b3a2c9f4ce7ebfccabb4fe3e078da56632f8bc80d5ade70b7
80,7,19.0684489,72.8335985,27,3,ready,"07:34 AM, 15-08-2019"," -88.03669194831468, -8.994841750077164,-36.03745434410503",26,5,5,5,0,4,1,0,0,0,https://trafficanalyser.sgp1.digitaloceanspaces.com/surveys/assets/000/000/080/original/video_20190815_073122680149457498440009.mp4?X-Amz-Algorithm=AWS4-HMAC-SHA256&X-Amz-Credential=Z2EHCX2HHJQQ55MENVPB%2F20190904%2Fsgp1%2Fs3%2Faws4_request&X-Amz-Date=20190904T171303Z&X-Amz-Expires=10800&X-Amz-SignedHeaders=host&X-Amz-Signature=dac56634a5c607bbcefef74cf882bd259f19daf4024f6028432c909a5e385501
83,8,19.0662953,72.8970504,26,3,ready,"02:19 PM, 19-08-2019",,10,14,0,0,0,0,0,1,0,0,https://trafficanalyser.sgp1.digitaloceanspaces.com/surveys/assets/000/000/083/original/video_20190819_141734788744149.mp4?X-Amz-Algorithm=AWS4-HMAC-SHA256&X-Amz-Credential=Z2EHCX2HHJQQ55MENVPB%2F20190904%2Fsgp1%2Fs3%2Faws4_request&X-Amz-Date=20190904T171303Z&X-Amz-Expires=10800&X-Amz-SignedHeaders=host&X-Amz-Signature=a02eb9f6d3c8068994450a842f7ed3943b8d63f664b707951921997cd9e3d8d9
84,8,19.0654844,72.8971658,26,3,ready,"12:39 PM, 20-08-2019",,14,10,1,3,0,0,0,0,0,0,https://trafficanalyser.sgp1.digitaloceanspaces.com/surveys/assets/000/000/084/original/video_20190820_123811788744149.mp4?X-Amz-Algorithm=AWS4-HMAC-SHA256&X-Amz-Credential=Z2EHCX2HHJQQ55MENVPB%2F20190904%2Fsgp1%2Fs3%2Faws4_request&X-Amz-Date=20190904T171303Z&X-Amz-Expires=10800&X-Amz-SignedHeaders=host&X-Amz-Signature=efc8785150caed9a6ae5945706661ac2494787ce8219fd296e7e4931e14e8679
85,6,18.9780361,72.8112075,26,3,ready,"02:28 PM, 20-08-2019"," 139.29584782010218, 0.05550974446243368,-78.37435800876698",2,1,0,0,0,0,0,0,0,0,https://trafficanalyser.sgp1.digitaloceanspaces.com/surveys/assets/000/000/085/original/video_20190815_0727104319393502475967131.mp4?X-Amz-Algorithm=AWS4-HMAC-SHA256&X-Amz-Credential=Z2EHCX2HHJQQ55MENVPB%2F20190904%2Fsgp1%2Fs3%2Faws4_request&X-Amz-Date=20190904T171303Z&X-Amz-Expires=10800&X-Amz-SignedHeaders=host&X-Amz-Signature=3f43fe84e22852ac69181954378a9c446cfb26bf26292ef34b87c89ad2c6e284
646,7,19.0700395,72.8338922,27,3,processing,"05:15 PM, 22-08-2019"," 145.35376116103993, -47.870494118869075,-8.673938972302455",0,0,0,0,0,0,0,0,0,0,https://trafficanalyser.sgp1.digitaloceanspaces.com/surveys/assets/000/000/646/original/video_20190822_1714026598355580311841011.mp4?X-Amz-Algorithm=AWS4-HMAC-SHA256&X-Amz-Credential=Z2EHCX2HHJQQ55MENVPB%2F20190904%2Fsgp1%2Fs3%2Faws4_request&X-Amz-Date=20190904T171303Z&X-Amz-Expires=10800&X-Amz-SignedHeaders=host&X-Amz-Signature=ce77607ebccb245c1683ee8a8d46fb97ed36fb8b85b558953c714b4607488b28
645,7,19.0700395,72.8338922,27,3,processing,"05:15 PM, 22-08-2019"," 145.35376116103993, -47.870494118869075,-8.673938972302455",0,0,0,0,0,0,0,0,0,0,https://trafficanalyser.sgp1.digitaloceanspaces.com/surveys/assets/000/000/645/original/video_20190822_1714026598355580311841011.mp4?X-Amz-Algorithm=AWS4-HMAC-SHA256&X-Amz-Credential=Z2EHCX2HHJQQ55MENVPB%2F20190904%2Fsgp1%2Fs3%2Faws4_request&X-Amz-Date=20190904T171303Z&X-Amz-Expires=10800&X-Amz-SignedHeaders=host&X-Amz-Signature=a1ffba55222d50616cdf5d474fd4a04de5d32c9a06c7415a85b4fb3d7e9dd733
648,7,19.1064456,72.8537009,25,3,processing,"03:38 PM, 26-08-2019"," 22.2752242231763, -35.23941504148074,3.4668800120763543",0,0,0,0,0,0,0,0,0,0,https://trafficanalyser.sgp1.digitaloceanspaces.com/surveys/assets/000/000/648/original/video_20190826_1537293645704029305938266.mp4?X-Amz-Algorithm=AWS4-HMAC-SHA256&X-Amz-Credential=Z2EHCX2HHJQQ55MENVPB%2F20190904%2Fsgp1%2Fs3%2Faws4_request&X-Amz-Date=20190904T171303Z&X-Amz-Expires=10800&X-Amz-SignedHeaders=host&X-Amz-Signature=84e3c348ee46b76d86d47a921571c02d4af20acdec97e557a438657fedb89023
681,12,12.9762967,77.6205397,23,1,processing,"06:26 PM, 30-08-2019"," 172.9836112217907, -22.678500789888655,-0.39323891003593403",0,0,0,0,0,0,0,0,0,0,https://trafficanalyser.sgp1.digitaloceanspaces.com/surveys/assets/000/000/681/original/video_20190830_182426820402149.mp4?X-Amz-Algorithm=AWS4-HMAC-SHA256&X-Amz-Credential=Z2EHCX2HHJQQ55MENVPB%2F20190904%2Fsgp1%2Fs3%2Faws4_request&X-Amz-Date=20190904T171303Z&X-Amz-Expires=10800&X-Amz-SignedHeaders=host&X-Amz-Signature=2281d7bd0499ee158e4508bd6568803ea24451e619c1d83efd51699c617d7835
679,12,12.9763178,77.6204845,23,1,processing,"05:33 PM, 30-08-2019"," 74.51674912781381, -10.272024799393373,-41.191211148378585",0,0,0,0,0,0,0,0,0,0,https://trafficanalyser.sgp1.digitaloceanspaces.com/surveys/assets/000/000/679/original/video_20190830_1731421784879270.mp4?X-Amz-Algorithm=AWS4-HMAC-SHA256&X-Amz-Credential=Z2EHCX2HHJQQ55MENVPB%2F20190904%2Fsgp1%2Fs3%2Faws4_request&X-Amz-Date=20190904T171303Z&X-Amz-Expires=10800&X-Amz-SignedHeaders=host&X-Amz-Signature=c654e98d042ad79c348e8f3c6987caee760686cc37208adb89cabe4813869cce
678,12,12.976353,77.6204499,23,1,processing,"04:26 PM, 30-08-2019"," 79.25118354346736, -0.0849914789473735,-30.867045538634983",0,0,0,0,0,0,0,0,0,0,https://trafficanalyser.sgp1.digitaloceanspaces.com/surveys/assets/000/000/678/original/video_20190830_1624111051745029.mp4?X-Amz-Algorithm=AWS4-HMAC-SHA256&X-Amz-Credential=Z2EHCX2HHJQQ55MENVPB%2F20190904%2Fsgp1%2Fs3%2Faws4_request&X-Amz-Date=20190904T171303Z&X-Amz-Expires=10800&X-Amz-SignedHeaders=host&X-Amz-Signature=d10dca78f3bc66e37db313918da09c8658ffce033e0a334518d4f3b55ae5eead
677,12,12.976415,77.6204841,23,1,processing,"03:24 PM, 30-08-2019"," 75.70932747765472, -0.8949327930769139,-49.31036288270488",0,0,0,0,0,0,0,0,0,0,https://trafficanalyser.sgp1.digitaloceanspaces.com/surveys/assets/000/000/677/original/video_20190830_1523161053267094.mp4?X-Amz-Algorithm=AWS4-HMAC-SHA256&X-Amz-Credential=Z2EHCX2HHJQQ55MENVPB%2F20190904%2Fsgp1%2Fs3%2Faws4_request&X-Amz-Date=20190904T171303Z&X-Amz-Expires=10800&X-Amz-SignedHeaders=host&X-Amz-Signature=dd0b68be96181a0fd8e7c7a2d3959815cd40911f4dc056e1535530b1fa18f2f2
676,12,12.9763517,77.6204544,23,1,processing,"02:21 PM, 30-08-2019"," -139.0145669697027, -24.704266595822737,-9.428494729349506",0,0,0,0,0,0,0,0,0,0,https://trafficanalyser.sgp1.digitaloceanspaces.com/surveys/assets/000/000/676/original/video_20190830_1420152061485210.mp4?X-Amz-Algorithm=AWS4-HMAC-SHA256&X-Amz-Credential=Z2EHCX2HHJQQ55MENVPB%2F20190904%2Fsgp1%2Fs3%2Faws4_request&X-Amz-Date=20190904T171303Z&X-Amz-Expires=10800&X-Amz-SignedHeaders=host&X-Amz-Signature=b317359f5ca2ff9831d4c49022e8287f5aae03fb2f10397e9b827eb84605dda4
674,12,12.9763591,77.6204589,23,1,processing,"12:24 PM, 30-08-2019"," 170.83270268988363, -27.30524361289861,-8.460872074917553",0,0,0,0,0,0,0,0,0,0,https://trafficanalyser.sgp1.digitaloceanspaces.com/surveys/assets/000/000/674/original/video_20190830_1222561706952047.mp4?X-Amz-Algorithm=AWS4-HMAC-SHA256&X-Amz-Credential=Z2EHCX2HHJQQ55MENVPB%2F20190904%2Fsgp1%2Fs3%2Faws4_request&X-Amz-Date=20190904T171303Z&X-Amz-Expires=10800&X-Amz-SignedHeaders=host&X-Amz-Signature=3253008ccaf8e9c4a1e0d676a9af88f346829247b2d13074c517aa32feca31a7
673,8,19.0637281,72.8974542,26,3,processing,"01:48 PM, 30-08-2019"," -20.672189070258064, -44.348670997892086,-16.454248436999",0,0,0,0,0,0,0,0,0,0,https://trafficanalyser.sgp1.digitaloceanspaces.com/surveys/assets/000/000/673/original/video_20190830_1346241527614201.mp4?X-Amz-Algorithm=AWS4-HMAC-SHA256&X-Amz-Credential=Z2EHCX2HHJQQ55MENVPB%2F20190904%2Fsgp1%2Fs3%2Faws4_request&X-Amz-Date=20190904T171303Z&X-Amz-Expires=10800&X-Amz-SignedHeaders=host&X-Amz-Signature=693039361c4d56ae42e08c25f32d1a8577ed226a1cc9c7b33a63184e6c0ffc74
672,12,12.9762627,77.620187,23,1,processing,"11:16 AM, 30-08-2019"," -139.92227178964075, -27.23297338129071,-16.12219879049883",0,0,0,0,0,0,0,0,0,0,https://trafficanalyser.sgp1.digitaloceanspaces.com/surveys/assets/000/000/672/original/video_20190830_1113591034461862.mp4?X-Amz-Algorithm=AWS4-HMAC-SHA256&X-Amz-Credential=Z2EHCX2HHJQQ55MENVPB%2F20190904%2Fsgp1%2Fs3%2Faws4_request&X-Amz-Date=20190904T171303Z&X-Amz-Expires=10800&X-Amz-SignedHeaders=host&X-Amz-Signature=94c01e56d7720874cd637dcb3229319aa5b3c75e2a6c0d3d9505be607b695ac7
666,12,12.9764974,77.6203172,23,1,processing,"10:21 AM, 30-08-2019"," -29.408209339474055, -27.095331409136612,-11.153132008929711",0,0,0,0,0,0,0,0,0,0,https://trafficanalyser.sgp1.digitaloceanspaces.com/surveys/assets/000/000/666/original/video_20190830_1019331569759970.mp4?X-Amz-Algorithm=AWS4-HMAC-SHA256&X-Amz-Credential=Z2EHCX2HHJQQ55MENVPB%2F20190904%2Fsgp1%2Fs3%2Faws4_request&X-Amz-Date=20190904T171303Z&X-Amz-Expires=10800&X-Amz-SignedHeaders=host&X-Amz-Signature=a87310687e1564a5c00b85d40328f4f671159209635264871d3b1b825640fe76
647,7,19.1064456,72.8537009,25,3,processing,"03:38 PM, 26-08-2019"," 22.2752242231763, -35.23941504148074,3.4668800120763543",0,0,0,0,0,0,0,0,0,0,https://trafficanalyser.sgp1.digitaloceanspaces.com/surveys/assets/000/000/647/original/video_20190826_1537293645704029305938266.mp4?X-Amz-Algorithm=AWS4-HMAC-SHA256&X-Amz-Credential=Z2EHCX2HHJQQ55MENVPB%2F20190904%2Fsgp1%2Fs3%2Faws4_request&X-Amz-Date=20190904T171303Z&X-Amz-Expires=10800&X-Amz-SignedHeaders=host&X-Amz-Signature=59690fc6a7825bc11a3f504dde1014cabede6b7955f9291d6cfba3cbb30e19c4
460,12,12.9763636,77.6202626,23,1,processing,"06:47 PM, 19-08-2019"," 55.83932704994173, -7.3139458557153665,-47.85991757093931",0,0,0,0,0,0,0,0,0,0,https://trafficanalyser.sgp1.digitaloceanspaces.com/surveys/assets/000/000/460/original/video_20190819_1845532074218828.mp4?X-Amz-Algorithm=AWS4-HMAC-SHA256&X-Amz-Credential=Z2EHCX2HHJQQ55MENVPB%2F20190904%2Fsgp1%2Fs3%2Faws4_request&X-Amz-Date=20190904T171303Z&X-Amz-Expires=10800&X-Amz-SignedHeaders=host&X-Amz-Signature=050c99225848146535eab3fe72d987aaf973783ca2a081b82e05359808fd1220
174,7,19.1066103,72.8533786,25,3,ready,"05:12 PM, 22-08-2019"," -39.396275000539674, -27.4642077280942,3.4794437181677695",75,61,5,8,0,0,0,1,0,0,https://trafficanalyser.sgp1.digitaloceanspaces.com/surveys/assets/000/000/174/original/video_20190817_1318544400056697184619909.mp4?X-Amz-Algorithm=AWS4-HMAC-SHA256&X-Amz-Credential=Z2EHCX2HHJQQ55MENVPB%2F20190904%2Fsgp1%2Fs3%2Faws4_request&X-Amz-Date=20190904T171303Z&X-Amz-Expires=10800&X-Amz-SignedHeaders=host&X-Amz-Signature=f0e73e3cddf1de4bfd461a6aa290a9a4c85e13e7684548e652238841b886af2b
86,8,19.0654844,72.8971658,26,3,ready,"08:20 PM, 20-08-2019",,14,10,1,3,0,0,0,0,0,0,https://trafficanalyser.sgp1.digitaloceanspaces.com/surveys/assets/000/000/086/original/video_20190820_123811788744149.mp4?X-Amz-Algorithm=AWS4-HMAC-SHA256&X-Amz-Credential=Z2EHCX2HHJQQ55MENVPB%2F20190904%2Fsgp1%2Fs3%2Faws4_request&X-Amz-Date=20190904T171303Z&X-Amz-Expires=10800&X-Amz-SignedHeaders=host&X-Amz-Signature=dc3481789241afd31bdff7b6e804040cf9927a7972c21efafa2f5a8c22c39553
675,12,12.9763517,77.6204544,23,1,processing,"02:21 PM, 30-08-2019"," -139.0145669697027, -24.704266595822737,-9.428494729349506",0,0,0,0,0,0,0,0,0,0,https://trafficanalyser.sgp1.digitaloceanspaces.com/surveys/assets/000/000/675/original/video_20190830_1420152061485210.mp4?X-Amz-Algorithm=AWS4-HMAC-SHA256&X-Amz-Credential=Z2EHCX2HHJQQ55MENVPB%2F20190904%2Fsgp1%2Fs3%2Faws4_request&X-Amz-Date=20190904T171303Z&X-Amz-Expires=10800&X-Amz-SignedHeaders=host&X-Amz-Signature=66b55195c9fbfa01c6b8b6c29a87ae7b8aaa36dedb4872b038b4e353b750f7cb
671,11,12.9509658,77.5914842,11,1,processing,"04:50 PM, 27-08-2019"," 162.37724268610967, -38.28633852456134,-1.0109620189846806",0,0,0,0,0,0,0,0,0,0,https://trafficanalyser.sgp1.digitaloceanspaces.com/surveys/assets/000/000/671/original/video_20190827_1648316015118256108401239.mp4?X-Amz-Algorithm=AWS4-HMAC-SHA256&X-Amz-Credential=Z2EHCX2HHJQQ55MENVPB%2F20190904%2Fsgp1%2Fs3%2Faws4_request&X-Amz-Date=20190904T171303Z&X-Amz-Expires=10800&X-Amz-SignedHeaders=host&X-Amz-Signature=7bfa002e7bf56bb8240ef8141b11058c16a45df84f1e6a69ccb2979bd40a6c09
82,6,18.9988959,72.8173555,26,3,ready,"11:16 AM, 19-08-2019"," -148.25492499213786, -25.19547672545713,-3.942808660659901",2,2,5,3,0,0,0,0,0,0,https://trafficanalyser.sgp1.digitaloceanspaces.com/surveys/assets/000/000/082/original/video_20190814_2024578966569029274844338.mp4?X-Amz-Algorithm=AWS4-HMAC-SHA256&X-Amz-Credential=Z2EHCX2HHJQQ55MENVPB%2F20190904%2Fsgp1%2Fs3%2Faws4_request&X-Amz-Date=20190904T171303Z&X-Amz-Expires=10800&X-Amz-SignedHeaders=host&X-Amz-Signature=cb5fb4e7339258bea90bc03668dbe8174d963aa5101a212113ca26ad9b89cadc
76,6,18.9805036,72.813057,27,3,ready,"08:29 PM, 14-08-2019"," -133.40288354762023, -24.28042774461406,1.6737510896031416",4,7,0,0,0,0,0,0,0,0,https://trafficanalyser.sgp1.digitaloceanspaces.com/surveys/assets/000/000/076/original/video_20190814_1227188187186513100099563.mp4?X-Amz-Algorithm=AWS4-HMAC-SHA256&X-Amz-Credential=Z2EHCX2HHJQQ55MENVPB%2F20190904%2Fsgp1%2Fs3%2Faws4_request&X-Amz-Date=20190904T171303Z&X-Amz-Expires=10800&X-Amz-SignedHeaders=host&X-Amz-Signature=49c55099cf5b12e4477b5ff19b7b7a8c050ff2ef80c331ef56d95b6eddef4741
685,7,19.1054149,72.8538593,25,3,uploaded,"01:00 PM, 30-08-2019"," -17.03798884686685, -48.99239708627328,1.352701569482983",0,0,0,0,0,0,0,0,0,0,https://trafficanalyser.sgp1.digitaloceanspaces.com/surveys/assets/000/000/685/original/video_20190830_1259185493291086018262480.mp4?X-Amz-Algorithm=AWS4-HMAC-SHA256&X-Amz-Credential=Z2EHCX2HHJQQ55MENVPB%2F20190904%2Fsgp1%2Fs3%2Faws4_request&X-Amz-Date=20190904T171303Z&X-Amz-Expires=10800&X-Amz-SignedHeaders=host&X-Amz-Signature=4d741f9509196e9ab5f3ea29dc59cc94a64f92536c2eedb46837a79f5a2ae080
55,6,18.9780214,72.8108112,3,2,ready,"06:23 AM, 13-08-2019"," 43.60730177481139, -17.367769163015282,-5.586602113676543",6,2,1,1,0,2,0,0,0,1,https://trafficanalyser.sgp1.digitaloceanspaces.com/surveys/assets/000/000/055/original/video_20190813_0619093026505447164282328.mp4?X-Amz-Algorithm=AWS4-HMAC-SHA256&X-Amz-Credential=Z2EHCX2HHJQQ55MENVPB%2F20190904%2Fsgp1%2Fs3%2Faws4_request&X-Amz-Date=20190904T171303Z&X-Amz-Expires=10800&X-Amz-SignedHeaders=host&X-Amz-Signature=2c7c1894dda7dbd2c1728f2b7cbba2f526f8856ce917e7058a76685c57e6dc59
33,6,19.0715151,72.8464799,3,2,ready,"05:30 AM, 29-07-2019"," 87.25382932602616, -2.8289503754375067,-42.32970464527675",0,0,0,0,0,0,0,0,0,0,https://trafficanalyser.sgp1.digitaloceanspaces.com/surveys/assets/000/000/033/original/video_20190729_1156372628654582300089955.mp4?X-Amz-Algorithm=AWS4-HMAC-SHA256&X-Amz-Credential=Z2EHCX2HHJQQ55MENVPB%2F20190904%2Fsgp1%2Fs3%2Faws4_request&X-Amz-Date=20190904T171303Z&X-Amz-Expires=10800&X-Amz-SignedHeaders=host&X-Amz-Signature=c56d2451ffaf4657a31a0e4220e13209ecd32a46308c5ac62e05e7542bc45040
680,11,13.2519554,77.7073341,22,1,processing,"01:19 PM, 30-08-2019"," -17.36832923852722, -37.19042101185445,8.006286273386417",0,0,0,0,0,0,0,0,0,0,https://trafficanalyser.sgp1.digitaloceanspaces.com/surveys/assets/000/000/680/original/video_20190830_1319153006367115764537584.mp4?X-Amz-Algorithm=AWS4-HMAC-SHA256&X-Amz-Credential=Z2EHCX2HHJQQ55MENVPB%2F20190904%2Fsgp1%2Fs3%2Faws4_request&X-Amz-Date=20190904T171303Z&X-Amz-Expires=10800&X-Amz-SignedHeaders=host&X-Amz-Signature=a6d8c082a27e38f7fdeaa611a351dc3d43a83d8c34b7a9969ec2741e1f136c7c
